졸음쉼터명,시도명,시군구명,도로종류,도로노선명,도로노선번호,도로노선방향,소재지도로명주소,소재지지번주소,위도,경도,총연장,주차면수,화장실유무,방범용CCTV수,기타편의시설,관리기관명,관리기관전화번호,데이터기준일자,제공기관코드,제공기관명
죽당졸음쉼터,09,이천시 부발읍,02,남해~초산,3,초산기점+남해종점,경기도 이천시 부발읍 죽당리 산40-6,경기도 이천시 부발읍 죽당리 산40-6,37.284335,127.525170,280,16,N,0,파고라+벤츠,수원국토관리사무소,031-218-1743,2018-09-03,1613168,국토교통부 서울지방국토관리청
죽당졸음쉼터,09,이천시 부발읍,02,남해~초산,3,남해기점+초산종점,경기도 이천시 부발읍 죽당리 287-91,경기도 이천시 부발읍 죽당리 287-91,37.284843,127.525732,280,16,N,0,파고라+벤츠,수원국토관리사무소,031-218-1743,2018-09-03,1613168,국토교통부 서울지방국토관리청
도봉졸음쉼터,09,이천시 신둔면,02,남해~초산,3,초산기점+남해종점,경기도 이천시 신둔면 도봉리 547,경기도 이천시 신둔면 도봉리 547,37.314312,127.453879,280,16,N,0,파고라+벤츠,수원국토관리사무소,031-218-1743,2018-09-03,1613168,국토교통부 서울지방국토관리청
도봉졸음쉼터,09,이천시 신둔면,02,남해~초산,3,남해기점+초산종점,경기도 이천시 신둔면 도봉리 557-15,경기도 이천시 신둔면 도봉리 557-15,37.314799,127.453879,280,16,N,0,파고라+벤츠,수원국토관리사무소,031-218-1743,2018-09-03,1613168,국토교통부 서울지방국토관리청
천남졸음쉼터,09,여주시 대신면,02,거창~파주,37,파주기점+거창종점,경기도 여주시 대신면 천남리 384-8,경기도 여주시 대신면 천남리 384-8,37.339834,127.623201,250,7,N,0,파고라+벤츠,수원국토관리사무소,031-218-1743,2018-09-03,1613168,국토교통부 서울지방국토관리청
천남졸음쉼터,09,여주시 대신면,02,거창~파주,37,거창기점+파주종점,경기도 여주시 대신면 천남리 384-7,경기도 여주시 대신면 천남리 384-7,37.340071,127.623571,250,7,N,0,파고라+벤츠,수원국토관리사무소,031-218-1743,2018-09-03,1613168,국토교통부 서울지방국토관리청
임원쉼터(하행선),10,삼척시,02,부산~온성선,7,강릉방향,,강원도 삼척시 원덕읍 임원리 271-9,37.251920,129.335202,110,15,N,0,없음,삼척시 건설과,033-570-3484,2018-08-31,4240000,강원도 삼척시
초곡쉼터(하행선),10,삼척시,02,부산~온성선,7,울진방향,,강원도 삼척시 근덕면 초곡리 산 58-7,37.297567,129.295872,42,15,Y,0,없음,삼척시 건설과,033-570-3484,2018-08-31,4240000,강원도 삼척시
초곡쉼터(상행선),10,삼척시,02,부산~온성선,7,강릉방향,,강원도 삼척시 근덕면 초곡리 403-4,37.310184,129.293795,111,24,Y,0,없음,삼척시 건설과,033-570-3484,2018-08-31,4240000,강원도 삼척시
김포졸음쉼터(판교방면),09,김포시,01,서울외곽순환고속도로(판교방면),100,판교방면,경기도 김포시 고촌읍 김포대로319번길 209-23,경기도 김포시 고촌읍 신곡리 756-3,37.59225907,126.7683906,,28,Y,,푸드트럭,한국도로공사 김포영업소,031-985-0456,2019-09-04,4090000,경기도 김포시
김포졸음쉼터(일산방면),09,김포시,01,서울외곽순환고속도로(일산방면),100,일산방면,경기도 김포시 고촌읍 김포대로319번길 209-23,경기도 김포시 고촌읍 신곡리 756-3,37.59225907,126.7683906,,79,Y,,푸드트럭,한국도로공사 김포영업소,031-985-0456,2019-09-04,4090000,경기도 김포시
자유로졸음쉼터(상행선),경기도,파주시,고속국도,자유로,국도77호선,서울방향,,경기도 파주시 자유로 2681,37.740892,126.687541,45.5,40,Y,0,없음,파주시도로관리사업소,031-940-5392,2020-06-26,4060000,경기도 파주시
인천공항고속도로 비상주차대,인천광역시,서구,고속국도,인천국제공항고속도로(인천~경기고양),130,인천 기점+경기고양 종점,,인천광역시 서구 검암동 산113-14,37.56899837,126.6626286,,27,Y,2,파고라+운동시설+안내표지판+횡단보도+LED가로등+조경식재+음료자동판매기,신공항하이웨이㈜,032-560-6100,2020-07-01,3560000,인천광역시 서구
마이산 졸음쉼터,전라북도,진안군,고속국도,익산장수선,20,익산 기점 + 장수 종점,,전라북도 진안군 진안읍 연장리 1551-11,35.4628524,127.467676,490,7,Y,1,"운동시설, 등의자, 파고라",한국도로공사 전북본부,063-714-6641,2020-07-13,4730000,전라북도 진안군
마이산 졸음쉼터,전라북도,진안군,고속국도,익산장수선,20,장수 기점 + 익산 종점,,전라북도 진안군 마령면 덕천리 산 14,35.46150204,127.2133257,510,7,Y,1,"운동시설, 등의자, 파고라",한국도로공사 전북본부,063-714-6641,2020-07-13,4730000,전라북도 진안군
양산,경상남도,양산시,고속국도,경부선,1,부산기점 + 서울종점,,경상남도 양산시 중부동 119-1,35.34243649,129.0425667,,18,Y,,,한국도로공사 부산경남본부,055-711-6000,2020-06-30,B500004,한국도로공사
양산,경상남도,양산시,고속국도,경부선,1,서울기점 + 부산종점,,경상남도 양산시 중부동 189-1,35.34336341,129.0425522,,8,Y,,,한국도로공사 부산경남본부,055-711-6000,2020-06-30,B500004,한국도로공사
삼남,울산광역시,울주군,고속국도,경부선,1,부산기점 + 서울종점,,울산광역시 울주군 삼남면 교동리 602-1,35.54524148,129.1190226,,7,Y,,,한국도로공사 부산경남본부,055-711-6000,2020-06-30,B500004,한국도로공사
언양,울산광역시,울주군,고속국도,경부선,1,서울기점 + 부산종점,,울산광역시 울주군 언양읍 반곡리 산50-4,35.59482391,129.1382126,,16,Y,,,한국도로공사 부산경남본부,055-711-6000,2020-06-30,B500004,한국도로공사
내남,경상북도,경주시,고속국도,경부선,1,부산기점 + 서울종점,,경상북도 경주시 내남면 이조리 484-3,35.75241325,129.1946881,,16,Y,,,한국도로공사 부산경남본부,055-711-6000,2020-06-30,B500004,한국도로공사
고성,경상남도,고성군,고속국도,통영대전선,35,통영기점 + 하남종점,,경상남도 고성군 거류면 송산리 산98,34.98226484,128.3731445,,8,Y,,,한국도로공사 부산경남본부,055-711-6000,2020-06-30,B500004,한국도로공사
고성,경상남도,고성군,고속국도,통영대전선,35,하남기점 + 통영종점,,경상남도 고성군 거류면 송산리 산98,34.98201866,128.3728752,,8,Y,,,한국도로공사 부산경남본부,055-711-6000,2020-06-30,B500004,한국도로공사
금곡,경상남도,사천시,고속국도,통영대전선,35,통영기점 + 하남종점,,경상남도 사천시 사천읍 금곡리 30-4,35.09495336,128.1644555,,6,Y,,,한국도로공사 부산경남본부,055-711-6000,2020-06-30,B500004,한국도로공사
금곡,경상남도,사천시,고속국도,통영대전선,35,하남기점 + 통영종점,,경상남도 사천시 사천읍 금곡리 31,35.09472897,128.1642672,,6,Y,,,한국도로공사 부산경남본부,055-711-6000,2020-06-30,B500004,한국도로공사
창녕,경상남도,창녕군,고속국도,중부내륙선,45,양평기점 + 창원종점,,경상남도 창녕군 대지면 효정리 산73,35.54476662,128.4759091,,12,Y,,,한국도로공사 부산경남본부,055-711-6000,2020-06-30,B500004,한국도로공사
창녕,경상남도,창녕군,고속국도,중부내륙선,45,창원기점 + 양평종점,,경상남도 창녕군 창녕읍 탐하리 524-1,35.53081282,128.4886241,,33,Y,,,한국도로공사 부산경남본부,055-711-6000,2020-06-30,B500004,한국도로공사
현풍,대구광역시,달성군,고속국도,중부내륙선,45,양평기점 + 창원종점,,대구광역시 달성군 현풍면 대리 211-1,35.66531242,128.4364373,,7,N,,,한국도로공사 부산경남본부,055-711-6000,2020-06-30,B500004,한국도로공사
울산,울산광역시,울주군,고속국도,울산선,16,언양기점 + 울산종점,,울산광역시 울주군 언양읍 반송리 산92-4,35.55006335,129.1676785,,37,Y,,,한국도로공사 부산경남본부,055-711-6000,2020-06-30,B500004,한국도로공사
울산,울산광역시,울주군,고속국도,울산선,16,울산기점 + 언양종점,,울산광역시 울주군 언양읍 반송리 산92-2,35.55060678,129.1678186,,9,Y,,,한국도로공사 부산경남본부,055-711-6000,2020-06-30,B500004,한국도로공사
진주,경상남도,진주시,고속국도,통영대전선,35,하남기점 + 통영종점,,경상남도 진주시 판문동 983,35.1967611,128.0294344,,8,Y,,,한국도로공사 부산경남본부,055-711-6000,2020-06-30,B500004,한국도로공사
진주,경상남도,진주시,고속국도,통영대전선,35,통영기점 + 하남종점,,경상남도 진주시 판문동 992-1,35.1974311,128.0292074,,8,Y,,,한국도로공사 부산경남본부,055-711-6000,2020-06-30,B500004,한국도로공사
금서,경상남도,산청군,고속국도,통영대전선,35,통영기점 + 하남종점,,경상남도 산청군 금서면 특리 370,35.43835362,127.8549316,,8,Y,,,한국도로공사 부산경남본부,055-711-6000,2020-06-30,B500004,한국도로공사
금서,경상남도,산청군,고속국도,통영대전선,35,하남기점 + 통영종점,,경상남도 산청군 금서면 특리 292,35.44024723,127.8530933,,9,N,,,한국도로공사 부산경남본부,055-711-6000,2020-06-30,B500004,한국도로공사
수동,경상남도,함양군,고속국도,통영대전선,35,통영기점 + 하남종점,,경상남도 함양군 수동면 화산리 858-28,35.51741196,127.7960624,,11,Y,,,한국도로공사 부산경남본부,055-711-6000,2020-06-30,B500004,한국도로공사
수동,경상남도,함양군,고속국도,통영대전선,35,하남기점 + 통영종점,,경상남도 함양군 수동면 화산리 858-28,35.51700106,127.7958056,,9,Y,,,한국도로공사 부산경남본부,055-711-6000,2020-06-30,B500004,한국도로공사
서상,경상남도,함양군,고속국도,통영대전선,35,통영기점 + 하남종점,,경상남도 함양군 서하면 봉전리 145-16,35.63486771,127.7098856,,8,Y,,,한국도로공사 부산경남본부,055-711-6000,2020-06-30,B500004,한국도로공사
서상,경상남도,함양군,고속국도,통영대전선,35,하남기점 + 통영종점,,경상남도 함양군 서하면 봉전리 산128-2,35.63521699,127.7086105,,8,Y,,,한국도로공사 부산경남본부,055-711-6000,2020-06-30,B500004,한국도로공사
지수,경상남도,진주시,고속국도,남해선,10,순천기점 + 부산종점,,경상남도 진주시 지수면 금곡리 산55-1,35.20806514,128.258087,,30,Y,,,한국도로공사 부산경남본부,055-711-6000,2020-06-30,B500004,한국도로공사
지수,경상남도,진주시,고속국도,남해선,10,부산기점 + 순천종점,,경상남도 진주시 사봉면 방촌리 산21-2,35.20630993,128.2543815,,16,Y,,,한국도로공사 부산경남본부,055-711-6000,2020-06-30,B500004,한국도로공사
곤양,경상남도,사천시,고속국도,남해선,10,순천기점 + 부산종점,,경상남도 사천시 곤양면 맥사리 165-7,35.05302474,127.9440775,,8,Y,,,한국도로공사 부산경남본부,055-711-6000,2020-06-30,B500004,한국도로공사
곤양,경상남도,사천시,고속국도,남해선,10,부산기점 + 순천종점,,경상남도 사천시 곤양면 맥사리 165-7,35.05342734,127.9448921,,19,Y,,,한국도로공사 부산경남본부,055-711-6000,2020-06-30,B500004,한국도로공사
창원,경상남도,창원시,고속국도,남해1지선,102,산인기점 + 창원종점,,경상남도 창원시 의창구 동정동 495,35.2633169213,128.6120080521,,13,Y,,,한국도로공사 부산경남본부,055-711-6000,2020-06-30,B500004,한국도로공사
창원,경상남도,창원시,고속국도,남해1지선,102,창원기점 + 산인종점,,경상남도 창원시 의창구 동정동 495,35.2633169213,128.6120080521,,22,Y,,,한국도로공사 부산경남본부,055-711-6000,2020-06-30,B500004,한국도로공사
진례,경상남도,김해시,고속국도,남해선,10,부산기점 + 순천종점,,경상남도 김해시 진례면 초전리 381-1,35.2453459,128.7602606,,19,Y,,,한국도로공사 부산경남본부,055-711-6000,2020-06-30,B500004,한국도로공사
진례,경상남도,김해시,고속국도,남해선,10,순천기점 + 부산종점,,경상남도 김해시 진례면 초전리 257-1,35.24999917,128.7587703,,18,Y,,,한국도로공사 부산경남본부,055-711-6000,2020-06-30,B500004,한국도로공사
북창원,경상남도,창원시,고속국도,남해선,10,순천기점 + 부산종점,,경상남도 창원시 의창구 북면 지개리 341,35.28318598,128.6164245,,7,Y,,,한국도로공사 부산경남본부,055-711-6000,2020-06-30,B500004,한국도로공사
김해,경상남도,김해시,고속국도,남해선,10,순천기점 + 부산종점,,경상남도 김해시 전하동 329,35.22063775,128.8702681,,6,Y,,,한국도로공사 부산경남본부,055-711-6000,2020-06-30,B500004,한국도로공사
김해,경상남도,김해시,고속국도,남해선,10,부산기점 + 순천종점,,경상남도 김해시 전하동 329,35.22103896,128.8703875,,6,Y,,,한국도로공사 부산경남본부,055-711-6000,2020-06-30,B500004,한국도로공사
일광,부산광역시,기장군,고속국도,부산외곽순환선,600,기장기점 + 창원종점,,부산광역시 기장군 일광면 용천리 257,35.2923374812,129.2061947986,,13,Y,,,한국도로공사 부산경남본부,055-711-6000,2020-06-30,B500004,한국도로공사
일광,부산광역시,기장군,고속국도,부산외곽순환선,600,창원기점 + 기장종점,,부산광역시 기장군 일광면 용천리 257,35.2923374812,129.2061947986,,13,Y,,,한국도로공사 부산경남본부,055-711-6000,2020-06-30,B500004,한국도로공사
수암,경상북도,영덕군,고속국도,청주영덕선,30,청주기점 + 영덕종점,,경상북도 영덕군 지품면 수암리 356-4,36.46174181,129.2106424,,11,Y,,,한국도로공사 대구경북본부,053-714-6000,2020-06-30,B500004,한국도로공사
지품,경상북도,영덕군,고속국도,청주영덕선,30,영덕기점 + 청주종점,,경상북도 영덕군 지품면 지품리 산18-6,36.48082604,129.1746182,,11,Y,,,한국도로공사 대구경북본부,053-714-6000,2020-06-30,B500004,한국도로공사
묵계,경상북도,안동시,고속국도,청주영덕선,30,청주기점 + 영덕종점,,경상북도 안동시 길안면 묵계리 산102-3,36.43731819,128.9286015,,5,Y,,,한국도로공사 대구경북본부,053-714-6000,2020-06-30,B500004,한국도로공사
하화,경상북도,의성군,고속국도,청주영덕선,30,영덕기점 + 청주종점,,경상북도 의성군 단촌면 관덕리 산52,36.41862684,128.6993456,,10,Y,,,한국도로공사 대구경북본부,053-714-6000,2020-06-30,B500004,한국도로공사
삼춘,경상북도,의성군,고속국도,청주영덕선,30,청주기점 + 영덕종점,,경상북도 의성군 안평면 삼춘리 산19-1,36.42126126,128.5771409,,12,Y,,,한국도로공사 대구경북본부,053-714-6000,2020-06-30,B500004,한국도로공사
개진,경상북도,고령군,고속국도,중부내륙선,45,창원기점 + 양평종점,,경상북도 고령군 개진면 부리 781-4,35.70208347,128.4175266,,7,N,,,한국도로공사 대구경북본부,053-714-6000,2020-06-30,B500004,한국도로공사
오봉,경상북도,김천시,고속국도,중부내륙선,45,양기점 + 창원종점,,경상북도 김천시 남면 오봉리 산196-2,36.09329997,128.2610192,,7,Y,,,한국도로공사 대구경북본부,053-714-6000,2020-06-30,B500004,한국도로공사
아포,경상북도,구미시,고속국도,중부내륙선,45,창원기점 + 양평종점,,경상북도 구미시 선산읍 습례리 308,36.21292981,128.2621654,,7,Y,,,한국도로공사 대구경북본부,053-714-6000,2020-06-30,B500004,한국도로공사
아포,경상북도,김천시,고속국도,중부내륙선,45,양평기점 + 창원종점,,경상북도 김천시 아포읍 예리 산4-1,36.19802423,128.2588806,,23,Y,,,한국도로공사 대구경북본부,053-714-6000,2020-06-30,B500004,한국도로공사
죽령,충청북도,단양군,고속국도,중앙선,55,부산기점 + 춘천종점,,충청북도 단양군 대강면 용부원리 산49-21,36.91389721,128.3974696,,7,N,,,한국도로공사 대구경북본부,053-714-6000,2020-06-30,B500004,한국도로공사
죽령,충청북도,단양군,고속국도,중앙선,55,춘천기점 + 부산종점,,충청북도 단양군 대강면 용부원리 301-4,36.91346418,128.3977206,,7,N,,,한국도로공사 대구경북본부,053-714-6000,2020-06-30,B500004,한국도로공사
풍산,경상북도,안동시,고속국도,중앙선,55,춘천기점 + 부산종점,,경상북도 안동시 풍산읍 만운리 1360,36.60312808,128.5842772,,7,Y,,,한국도로공사 대구경북본부,053-714-6000,2020-06-30,B500004,한국도로공사
보문,경상북도,예천군,고속국도,중앙선,55,부산기점 + 춘천종점,,경상북도 예천군 보문면 오신리 산52-1,36.6892773,128.5540977,,7,N,,,한국도로공사 대구경북본부,053-714-6000,2020-06-30,B500004,한국도로공사
고령,경상북도,고령군,고속국도,광주대구선,12,광주기점 + 대구종점,,경상북도 고령군 개진면 양전리 산80-3,35.72144193,128.2967916,,12,Y,,,한국도로공사 대구경북본부,053-714-6000,2020-06-30,B500004,한국도로공사
쌍림,경상북도,고령군,고속국도,광주대구선,12,대구기점 + 광주종점,,경상북도 고령군 쌍림면 월막리 288-3,35.70182652,128.2324377,,12,Y,,,한국도로공사 대구경북본부,053-714-6000,2020-06-30,B500004,한국도로공사
남상,경상남도,거창군,고속국도,광주대구선,12,광주기점 + 대구종점,,경상남도 거창군 남상면 무촌리 1193,35.63609676,127.9062065,,14,Y,,,한국도로공사 대구경북본부,053-714-6000,2020-06-30,B500004,한국도로공사
남상,경상남도,거창군,고속국도,광주대구선,12,대구기점 + 광주종점,,경상남도 거창군 남상면 오계리 881,35.61061674,127.8816188,,18,Y,,,한국도로공사 대구경북본부,053-714-6000,2020-06-30,B500004,한국도로공사
기계,경상북도,포항시,고속국도,대구포항선,20,포항기점 + 대구종점,,경상북도 포항시 북구 기계면 봉계리 1528,36.06332811,129.1449677,,7,Y,,,한국도로공사 대구경북본부,053-714-6000,2020-06-30,B500004,한국도로공사
화산,경상북도,영천시,고속국도,대구포항선,20,대구기점 + 포항종점,,경상북도 영천시 화산면 암기리 613-1,36.01708851,128.8855841,,17,Y,,,한국도로공사 대구경북본부,053-714-6000,2020-06-30,B500004,한국도로공사
읍내,대구광역시,북구,고속국도,중앙선,55,부산기점 + 춘천종점,,대구광역시 북구 읍내동 624-2,35.94848752,128.5476681056,,7,Y,,,한국도로공사 대구경북본부,053-714-6000,2020-06-30,B500004,한국도로공사
명곡,경상북도,구미시,고속국도,중앙선,55,부산기점 + 춘천종점,,경상북도 구미시 장천면 명곡리 539-1,36.12551059,128.5417496,,9,N,,,한국도로공사 대구경북본부,053-714-6000,2020-06-30,B500004,한국도로공사
명곡,경상북도,구미시,고속국도,중앙선,55,춘천기점 + 부산종점,,경상북도 구미시 장천면 명곡리 530,36.12555218,128.541114,,6,N,,,한국도로공사 대구경북본부,053-714-6000,2020-06-30,B500004,한국도로공사
안평,경상북도,의성군,고속국도,중앙선,55,부산기점 + 춘천종점,,경상북도 의성군 안평면 기도리 254-38,36.37913639,128.5773805,,7,N,,,한국도로공사 대구경북본부,053-714-6000,2020-06-30,B500004,한국도로공사
안평,경상북도,의성군,고속국도,중앙선,55,춘천기점 + 부산종점,,경상북도 의성군 안평면 기도리 75,36.37984684,128.5771056,,7,N,,,한국도로공사 대구경북본부,053-714-6000,2020-06-30,B500004,한국도로공사
북안,경상북도,영천시,고속국도,경부선,1,부산기점 + 서울종점,,경상북도 영천시 북안면 반정리 294-1,35.92415888,129.0003408,,15,Y,,,한국도로공사 대구경북본부,053-714-6000,2020-06-30,B500004,한국도로공사
북안,경상북도,영천시,고속국도,경부선,1,서울기점 + 부산종점,,경상북도 영천시 북안면 반정리 289,35.92465646,128.9982568,,15,Y,,,한국도로공사 대구경북본부,053-714-6000,2020-06-30,B500004,한국도로공사
검단,대구광역시,북구,고속국도,경부선,1,부산기점 + 서울종점,,대구광역시 북구 검단동 376-12,35.91579504,128.6148778,,26,Y,,,한국도로공사 대구경북본부,053-714-6000,2020-06-30,B500004,한국도로공사
검단,대구광역시,북구,고속국도,경부선,1,서울기점 + 부산종점,,대구광역시 북구 검단동 543-2,35.91537842,128.6150826,,38,Y,,,한국도로공사 대구경북본부,053-714-6000,2020-06-30,B500004,한국도로공사
지천,경상북도,칠곡군,고속국도,경부선,1,서울기점 + 부산종점,,경상북도 칠곡군 지천면 영오리 753-1,35.92245308,128.484277,,14,Y,,,한국도로공사 대구경북본부,053-714-6000,2020-06-30,B500004,한국도로공사
석적,경상북도,칠곡군,고속국도,경부선,1,부산기점 + 서울종점,,경상북도 칠곡군 석적읍 포남리 587-3,36.05157636,128.4080329,,7,Y,,,한국도로공사 대구경북본부,053-714-6000,2020-06-30,B500004,한국도로공사
선기,경상북도,구미시,고속국도,경부선,1,부산기점 + 서울종점,,경상북도 구미시 도량동 333-2,36.13666684,128.3169025,,17,Y,,,한국도로공사 대구경북본부,053-714-6000,2020-06-30,B500004,한국도로공사
선기,경상북도,구미시,고속국도,경부선,1,서울기점 + 부산종점,,경상북도 구미시 도량동 472-4,36.13630263,128.3161652,,17,Y,,,한국도로공사 대구경북본부,053-714-6000,2020-06-30,B500004,한국도로공사
대신,경상북도,김천시,고속국도,경부선,1,부산기점 + 서울종점,,경상북도 김천시 아포읍 대신리 1067-1,36.15278691,128.1908744,,8,Y,,,한국도로공사 대구경북본부,053-714-6000,2020-06-30,B500004,한국도로공사
대신,경상북도,김천시,고속국도,경부선,1,서울기점 + 부산종점,,경상북도 김천시 아포읍 대신리 1123-3,36.15259503,128.1912380468,,7,Y,,,한국도로공사 대구경북본부,053-714-6000,2020-06-30,B500004,한국도로공사
봉산,경상북도,김천시,고속국도,경부선,1,부산기점 + 서울종점,,경상북도 김천시 봉산면 태화리 989-4,36.15660743,128.0263066,,7,Y,,,한국도로공사 대구경북본부,053-714-6000,2020-06-30,B500004,한국도로공사
봉산,경상북도,김천시,고속국도,경부선,1,서울기점 + 부산종점,,경상북도 김천시 봉산면 태화리 341,36.15642771,128.0256798211,,7,Y,,,한국도로공사 대구경북본부,053-714-6000,2020-06-30,B500004,한국도로공사
대강,전라북도,남원시,고속국도,광주대구선,12,대구기점 + 광주종점,,전라북도 남원시 대강면 입암리 141,35.385056,127.2328979,,11,Y,,,한국도로공사 광주전남본부,061-883-6000,2020-06-30,B500004,한국도로공사
강진,전라남도,강진군,고속국도,남해선(영암순천),10,순천기점 + 영암종점,,전라남도 강진군 성전면 명산리 61-1,34.69418722,126.755161,,7,N,,,한국도로공사 광주전남본부,061-883-6000,2020-06-30,B500004,한국도로공사
강진,전라남도,강진군,고속국도,남해선(영암순천),10,영암기점 + 순천종점,,전라남도 강진군 작천면 평기리 산79-9,34.68621877,126.7738583,,8,Y,,,한국도로공사 광주전남본부,061-883-6000,2020-06-30,B500004,한국도로공사
벌교,전라남도,보성군,고속국도,남해선(영암순천),10,영암기점 + 순천종점,,전라남도 보성군 벌교읍 마동리 13,34.82927958,127.3176718,,8,Y,,,한국도로공사 광주전남본부,061-883-6000,2020-06-30,B500004,한국도로공사
벌교,전라남도,보성군,고속국도,남해선(영암순천),10,순천기점 + 영암종점,,전라남도 보성군 벌교읍 영등리 23-5,34.8238342,127.3816061,,7,Y,,,한국도로공사 광주전남본부,061-883-6000,2020-06-30,B500004,한국도로공사
몽탄,전라남도,무안군,고속국도,서해안선,15,목포기점 + 서울종점,,전라남도 무안군 몽탄면 내리 1-2,34.9529378,126.5038043,,6,Y,,,한국도로공사 광주전남본부,061-883-6000,2020-06-30,B500004,한국도로공사
몽탄,전라남도,무안군,고속국도,서해안선,15,서울기점 + 목포종점,,전라남도 무안군 몽탄면 학산리 764,34.94632194,126.5044578,,6,Y,,,한국도로공사 광주전남본부,061-883-6000,2020-06-30,B500004,한국도로공사
영광,전라남도,영광군,고속국도,서해안선,15,목포기점 + 서울종점,,전라남도 영광군 영광읍 학정리 381,35.2494568210,126.5189704018,,6,Y,,,한국도로공사 광주전남본부,061-883-6000,2020-06-30,B500004,한국도로공사
광양,전라남도,광양시,고속국도,남해선,10,순천기점 + 부산종점,,전라남도 광양시 광양읍 우산리 425,34.9846200902,127.5891669,,11,Y,,,한국도로공사 광주전남본부,061-883-6000,2020-06-30,B500004,한국도로공사
광양,전라남도,광양시,고속국도,남해선,10,부산기점 + 순천종점,,전라남도 광양시 광양읍 우산리 425,34.9846200902,127.5891454655,,9,Y,,,한국도로공사 광주전남본부,061-883-6000,2020-06-30,B500004,한국도로공사
순천,전라남도,순천시,고속국도,남해선,10,부산기점 + 순천종점,,전라남도 순천시 서면 죽평리 131-4,34.99593699,127.4942498,,7,Y,,,한국도로공사 광주전남본부,061-883-6000,2020-06-30,B500004,한국도로공사
주암,전라남도,순천시,고속국도,호남선,25,천안기점 + 순천종점,,전라남도 순천시 주암면 복다리 449-3,35.05550778,127.2775297,,9,Y,,,한국도로공사 광주전남본부,061-883-6000,2020-06-30,B500004,한국도로공사
주암,전라남도,순천시,고속국도,호남선,25,순천기점 + 천안종점,,전라남도 순천시 주암면 복다리 449-3,35.05584198,127.2776304,,9,Y,,,한국도로공사 광주전남본부,061-883-6000,2020-06-30,B500004,한국도로공사
태령,광주광역시,북구,고속국도,고창담양선,253,고창기점 + 담양종점,,광주광역시 북구 태령동 206-6,35.24853142,126.9287668,,8,Y,,,한국도로공사 광주전남본부,061-883-6000,2020-06-30,B500004,한국도로공사
태령,광주광역시,북구,고속국도,고창담양선,253,담양기점 + 고창종점,,광주광역시 북구 태령동 206-6,35.24877213,126.9292196,,5,N,,,한국도로공사 광주전남본부,061-883-6000,2020-06-30,B500004,한국도로공사
장성물류,전라남도,장성군,고속국도,고창담양선,253,고창기점 + 담양종점,,전라남도 장성군 장성읍 안평리 산26-3,35.34730762,126.7778046,,8,Y,,,한국도로공사 광주전남본부,061-883-6000,2020-06-30,B500004,한국도로공사
장성물류,전라남도,장성군,고속국도,고창담양선,253,담양기점 + 고창종점,,전라남도 장성군 장성읍 안평리 산26-3,35.34754828,126.7780555,,8,Y,,,한국도로공사 광주전남본부,061-883-6000,2020-06-30,B500004,한국도로공사
삼기,전라남도,곡성군,고속국도,호남선,25,천안기점 + 순천종점,,전라남도 곡성군 삼기면 월경리 302-17,35.2340638,127.2040098,,9,Y,,,한국도로공사 광주전남본부,061-883-6000,2020-06-30,B500004,한국도로공사
삼기,전라남도,곡성군,고속국도,호남선,25,순천기점 + 천안종점,,전라남도 곡성군 삼기면 월경리 17-2,35.2342808,127.2042508,,8,Y,,,한국도로공사 광주전남본부,061-883-6000,2020-06-30,B500004,한국도로공사
대덕,전라남도,담양군,고속국도,호남선,25,천안기점 + 순천종점,,전라남도 담양군 대덕면 매산리 406-2,35.24485048,127.026205,,10,Y,,,한국도로공사 광주전남본부,061-883-6000,2020-06-30,B500004,한국도로공사
대덕,전라남도,담양군,고속국도,호남선,25,순천기점 + 천안종점,,전라남도 담양군 대덕면 매산리 419-12,35.24508886,127.025902,,9,Y,,,한국도로공사 광주전남본부,061-883-6000,2020-06-30,B500004,한국도로공사
광산,광주광역시,광산구,고속국도,호남선,25,순천기점 + 천안종점,,광주광역시 광산구 비아동 56-4,35.22389894,126.8269021,,8,Y,,,한국도로공사 광주전남본부,061-883-6000,2020-06-30,B500004,한국도로공사
장성,전라남도,장성군,고속국도,호남선,25,순천기점 + 천안종점,,전라남도 장성군 장성읍 유탕리 1660-2,35.31568579,126.7938229,,8,Y,,,한국도로공사 광주전남본부,061-883-6000,2020-06-30,B500004,한국도로공사
장성,전라남도,장성군,고속국도,호남선,25,천안기점 + 순천종점,,전라남도 장성군 장성읍 유탕리 1659-1,35.31565804,126.7933977,,13,Y,,,한국도로공사 광주전남본부,061-883-6000,2020-06-30,B500004,한국도로공사
담양,전라남도,담양군,고속국도,광주대구선,12,광주기점 + 대구종점,,전라남도 담양군 봉산면 유산리 7-2,35.26094744,126.9713374,,7,Y,,,한국도로공사 광주전남본부,061-883-6000,2020-06-30,B500004,한국도로공사
서천,충청남도,서천군,고속국도,서해안선,15,목포기점 + 서울종점,,충청남도 서천군 기산면 두북리 48,36.06938619,126.7461769,,6,Y,,,한국도로공사 전북본부,063-714-6000,2020-06-30,B500004,한국도로공사
서천,충청남도,서천군,고속국도,서해안선,15,서울기점 + 목포종점,,충청남도 서천군 기산면 두북리 48,36.06901379,126.746132,,6,Y,,,한국도로공사 전북본부,063-714-6000,2020-06-30,B500004,한국도로공사
춘장대,충청남도,보령시,고속국도,서해안선,15,목포기점 + 서울종점,,충청남도 보령시 주산면 증산리 266-2,36.19811522,126.5892076,,7,Y,,,한국도로공사 전북본부,063-714-6000,2020-06-30,B500004,한국도로공사
춘장대,충청남도,보령시,고속국도,서해안선,15,서울기점 + 목포종점,,충청남도 보령시 주산면 증산리 197,36.1877614,126.5930953,,7,Y,,,한국도로공사 전북본부,063-714-6000,2020-06-30,B500004,한국도로공사
무창포,충청남도,보령시,고속국도,서해안선,15,목포기점 + 서울종점,,충청남도 보령시 남포면 신흥리 572,36.27584108,126.5805192,,7,Y,,,한국도로공사 전북본부,063-714-6000,2020-06-30,B500004,한국도로공사
광천,충청남도,보령시,고속국도,서해안선,15,목포기점 + 서울종점,,충청남도 보령시 천북면 신죽리 504,36.48185404,126.5864565,,6,Y,,,한국도로공사 전북본부,063-714-6000,2020-06-30,B500004,한국도로공사
마이산,전라북도,진안군,고속국도,익산장수선,20,익산기점 + 장수종점,,전라북도 진안군 진안읍 연장리 1568-10,35.76753776,127.3631381,,7,Y,,,한국도로공사 전북본부,063-714-6000,2020-06-30,B500004,한국도로공사
마이산,전라북도,진안군,고속국도,익산장수선,20,장수기점 + 익산종점,,전라북도 진안군 마령면 덕천리 산14-5,35.77108908,127.3584163,,7,Y,,,한국도로공사 전북본부,063-714-6000,2020-06-30,B500004,한국도로공사
완주,전라북도,완주군,고속국도,익산장수선,20,익산기점 + 장수종점,,전라북도 완주군 삼례읍 석전리 80-14,35.92838542,127.1007727,,7,Y,,,한국도로공사 전북본부,063-714-6000,2020-06-30,B500004,한국도로공사
완주,전라북도,완주군,고속국도,익산장수선,20,장수기점 + 익산종점,,전라북도 완주군 삼례읍 석전리 80-16,35.92818256,127.1013488,,7,Y,,,한국도로공사 전북본부,063-714-6000,2020-06-30,B500004,한국도로공사
익산,전라북도,익산시,고속국도,호남선,25,순천기점 + 천안종점,,전라북도 익산시 왕궁면 구덕리 124-1,35.94332705,127.0907079,,7,N,,,한국도로공사 전북본부,063-714-6000,2020-06-30,B500004,한국도로공사
논산,충청남도,논산시,고속국도,호남지선,251,논산기점 + 회덕종점,,충청남도 논산시 가야곡면 등리 산86-1,36.15329884,127.1646881,,8,Y,,,한국도로공사 전북본부,063-714-6000,2020-06-30,B500004,한국도로공사
논산,충청남도,논산시,고속국도,호남지선,251,회덕기점 + 논산종점,,충청남도 논산시 가야곡면 등리 산38-3,36.15942543,127.175661,,8,Y,,,한국도로공사 전북본부,063-714-6000,2020-06-30,B500004,한국도로공사
무주,전라북도,무주군,고속국도,통영대전선,35,하남기점 + 통영종점,,전라북도 무주군 적상면 사산리 243-31,35.93475032,127.6598192,,6,Y,,,한국도로공사 전북본부,063-714-6000,2020-06-30,B500004,한국도로공사
금산,충청남도,금산군,고속국도,통영대전선,35,통영기점 + 하남종점,,충청남도 금산군 부리면 불이리 5,36.06060876,127.5524483,,14,Y,,,한국도로공사 전북본부,063-714-6000,2020-06-30,B500004,한국도로공사
금산,충청남도,금산군,고속국도,통영대전선,35,하남기점 + 통영종점,,충청남도 금산군 부리면 현내리 35,36.03956982,127.5662514,,7,Y,,,한국도로공사 전북본부,063-714-6000,2020-06-30,B500004,한국도로공사
고창,전라북도,고창군,고속국도,서해안선,15,서울기점 + 목포종점,,전라북도 고창군 무장면 덕림리 123-12,35.37926414,126.6058384,,7,Y,,,한국도로공사 전북본부,063-714-6000,2020-06-30,B500004,한국도로공사
줄포,전라북도,고창군,고속국도,서해안선,15,서울기점 + 목포종점,,전라북도 고창군 흥덕면 신덕리 641-8,35.57016203,126.6946496,,7,Y,,,한국도로공사 전북본부,063-714-6000,2020-06-30,B500004,한국도로공사
서김제,전라북도,김제시,고속국도,서해안선,15,목포기점 + 서울종점,,전라북도 김제시 만경읍 장산리 140-14,35.85252411,126.8429619,,9,Y,,,한국도로공사 전북본부,063-714-6000,2020-06-30,B500004,한국도로공사
서김제,전라북도,김제시,고속국도,서해안선,15,서울기점 + 목포종점,,전라북도 김제시 만경읍 장산리 1124-2,35.85291326,126.8426458,,6,N,,,한국도로공사 전북본부,063-714-6000,2020-06-30,B500004,한국도로공사
내장산,전라북도,정읍시,고속국도,호남선,25,순천기점 + 천안종점,,전라북도 정읍시 입암면 마석리 65-1,35.53817787,126.8143359,,13,Y,,,한국도로공사 전북본부,063-714-6000,2020-06-30,B500004,한국도로공사
내장산,전라북도,정읍시,고속국도,호남선,25,천안기점 + 순천종점,,전라북도 정읍시 입암면 하부리 793-2,35.49690205,126.798112,,6,Y,,,한국도로공사 전북본부,063-714-6000,2020-06-30,B500004,한국도로공사
정우,전라북도,정읍시,고속국도,호남선,25,순천기점 + 천안종점,,전라북도 정읍시 정우면 우산리 산59-8,35.63488771,126.9014449,,15,Y,,,한국도로공사 전북본부,063-714-6000,2020-06-30,B500004,한국도로공사
정우,전라북도,정읍시,고속국도,호남선,25,천안기점 + 순천종점,,전라북도 정읍시 정우면 우산리 216-2,35.63539613,126.9008915,,15,Y,,,한국도로공사 전북본부,063-714-6000,2020-06-30,B500004,한국도로공사
태인,전라북도,정읍시,고속국도,호남선,25,순천기점 + 천안종점,,전라북도 정읍시 태인면 오봉리 150-3,35.66401984,126.9337543,,14,Y,,,한국도로공사 전북본부,063-714-6000,2020-06-30,B500004,한국도로공사
서전주,전라북도,완주군,고속국도,호남선,25,순천기점 + 천안종점,,전라북도 완주군 이서면 상개리 379-6,35.81825791,127.0295466,,8,Y,,,한국도로공사 전북본부,063-714-6000,2020-06-30,B500004,한국도로공사
전주,전라북도,전주시,고속국도,호남선,25,순천기점 + 천안종점,,전라북도 전주시 덕진구 장동 산17-6,35.86923943,127.0517827,,16,Y,,,한국도로공사 전북본부,063-714-6000,2020-06-30,B500004,한국도로공사
전주,전라북도,전주시,고속국도,호남선,25,천안기점 + 순천종점,,전라북도 전주시 덕진구 장동 957-31,35.86944807,127.0514179,,17,Y,,,한국도로공사 전북본부,063-714-6000,2020-06-30,B500004,한국도로공사
삼례,전라북도,익산시,고속국도,호남선,25,순천기점 + 천안종점,,전라북도 익산시 왕궁면 온수리 340-3,35.91853025,127.0713894,,11,Y,,,한국도로공사 전북본부,063-714-6000,2020-06-30,B500004,한국도로공사
삼례,전라북도,완주군,고속국도,호남선,25,천안기점 + 순천종점,,전라북도 완주군 삼례읍 해전리 4-20,35.9021758,127.0573089,,7,Y,,,한국도로공사 전북본부,063-714-6000,2020-06-30,B500004,한국도로공사
부여,충청남도,부여군,고속국도,서천공주선,151,서천기점 + 공주종점,,충청남도 부여군 규암면 신성리 420-4,36.31945024,126.8748045,,7,Y,,,한국도로공사 대전충남본부,042-722-6000,2020-06-30,B500004,한국도로공사
시초,충청남도,서천군,고속국도,서천공주선,151,공주기점 + 서천종점,,충청남도 서천군 시초면 봉선리 673-12,36.13520522,126.7676919,,7,Y,,,한국도로공사 대전충남본부,042-722-6000,2020-06-30,B500004,한국도로공사
금남,세종특별자치시,없음,고속국도,당진대전선,30,당진기점 + 대전종점,,세종특별자치시 금남면 영곡리 435-2,36.45044241,127.2540605,,7,Y,,,한국도로공사 대전충남본부,042-722-6000,2020-06-30,B500004,한국도로공사
서산,충청남도,서산시,고속국도,서해안선,15,서울기점 + 목포종점,,충청남도 서산시 운산면 안호리 16-16도,36.82907057,126.5886838,,11,Y,,,한국도로공사 대전충남본부,042-722-6000,2020-06-30,B500004,한국도로공사
갈산,충청남도,홍성군,고속국도,서해안선,15,목포기점 + 서울종점,,충청남도 홍성군 갈산면 대사리 263,36.63440303,126.5530667,,7,N,,,한국도로공사 대전충남본부,042-722-6000,2020-06-30,B500004,한국도로공사
고북,충청남도,서산시,고속국도,서해안선,15,서울기점 + 목포종점,,충청남도 서산시 고북면 신송리 산74-3,36.65166393,126.5581652,,7,N,,,한국도로공사 대전충남본부,042-722-6000,2020-06-30,B500004,한국도로공사
용연,충청남도,당진시,고속국도,서해안선,15,목포기점 + 서울종점,,충청남도 당진시 용연동 산119-2,36.86120382,126.6461886,,19,Y,,,한국도로공사 대전충남본부,042-722-6000,2020-06-30,B500004,한국도로공사
당진,충청남도,당진시,고속국도,서해안선,15,목포기점 + 서울종점,,충청남도 당진시 송악읍 영천리 366-12,36.9007506174,126.7184701958,,21,Y,,,한국도로공사 대전충남본부,042-722-6000,2020-06-30,B500004,한국도로공사
당진,충청남도,당진시,고속국도,서해안선,15,서울기점 + 목포종점,,충청남도 당진시 송악읍 영천리 366-12,36.9007506174,126.7184701958,,19,Y,,,한국도로공사 대전충남본부,042-722-6000,2020-06-30,B500004,한국도로공사
산내,대전광역시,동구,고속국도,대전남부순환선,300,서대전기점 + 산내종점,,대전광역시 동구 이사동 산16,36.28316124,127.4503198,,7,Y,,,한국도로공사 대전충남본부,042-722-6000,2020-06-30,B500004,한국도로공사
추풍령,충청북도,영동군,고속국도,경부선,1,부산기점 + 서울종점,,충청북도 영동군 추풍령면 추풍령리 557-3,36.21098706,127.9885453,,10,Y,,,한국도로공사 대전충남본부,042-722-6000,2020-06-30,B500004,한국도로공사
추풍령,충청북도,영동군,고속국도,경부선,1,서울기점 + 부산종점,,충청북도 영동군 추풍령면 추풍령리 604-2,36.21061698,127.9886542,,12,Y,,,한국도로공사 대전충남본부,042-722-6000,2020-06-30,B500004,한국도로공사
청성,충청북도,옥천군,고속국도,경부선,1,부산기점 + 서울종점,,충청북도 옥천군 청성면 조천리 1100-19,36.27172261,127.7407326,,11,Y,,,한국도로공사 대전충남본부,042-722-6000,2020-06-30,B500004,한국도로공사
옥천,충청북도,옥천군,고속국도,경부선,1,부산기점 + 서울종점,,충청북도 옥천군 군북면 증약리 156-2,36.33626664,127.5285755,,13,Y,,,한국도로공사 대전충남본부,042-722-6000,2020-06-30,B500004,한국도로공사
옥천,충청북도,옥천군,고속국도,경부선,1,서울기점 + 부산종점,,충청북도 옥천군 군북면 이백리 산23-10,36.3281721,127.5404988,,15,Y,,,한국도로공사 대전충남본부,042-722-6000,2020-06-30,B500004,한국도로공사
북대전,대전광역시,유성구,고속국도,호남지선,251,논산기점 + 회덕종점,,대전광역시 유성구 방현동 89,36.40600113,127.3679053,,13,Y,,,한국도로공사 대전충남본부,042-722-6000,2020-06-30,B500004,한국도로공사
북대전,대전광역시,유성구,고속국도,호남지선,251,회덕기점 + 논산종점,,대전광역시 유성구 방현동 403,36.4097092330,127.3510735148,,10,Y,,,한국도로공사 대전충남본부,042-722-6000,2020-06-30,B500004,한국도로공사
유성,대전광역시,유성구,고속국도,호남지선,251,논산기점 + 회덕종점,,대전광역시 유성구 죽동 2-2,36.38093416,127.3357257,,9,N,,,한국도로공사 대전충남본부,042-722-6000,2020-06-30,B500004,한국도로공사
서대전,대전광역시,유성구,고속국도,호남지선,251,회턱기점 + 논산종점,,대전광역시 유성구 대정동 55-5,36.31576673,127.3066059,,9,Y,,,한국도로공사 대전충남본부,042-722-6000,2020-06-30,B500004,한국도로공사
신탄진,대전광역시,대덕구,고속국도,경부선,1,서울기점 + 부산종점,,대전광역시 대덕구 상서동 산66-11,36.42529702,127.4165845,,31,Y,,,한국도로공사 대전충남본부,042-722-6000,2020-06-30,B500004,한국도로공사
입장,충청남도,천안시,고속국도,경부선,1,서울기점 + 부산종점,,충청남도 천안시 서북구 입장면 용정리 48-19,36.9144330872,127.1884653086,,10,Y,,,한국도로공사 대전충남본부,042-722-6000,2020-06-30,B500004,한국도로공사
연곡,충청남도,천안시,고속국도,경부선,1,서울기점 + 부산종점,,충청남도 천안시 서북구 입장면 연곡리 243-5,36.95439851,127.1822401,,48,Y,,,한국도로공사 대전충남본부,042-722-6000,2020-06-30,B500004,한국도로공사
낙상,경상북도,상주시,고속국도,중부내륙선,45,창원기점 + 양평종점,,경상북도 상주시 낙상동 산57,36.44761124,128.2056277,,7,Y,,,한국도로공사 충북본부,043-721-6000,2020-06-30,B500004,한국도로공사
사벌,경상북도,상주시,고속국도,중부내륙선,45,양평기점 + 창원종점,,경상북도 상주시 사벌면 덕담리 1458-9,36.46409916,128.2002341,,12,Y,,,한국도로공사 충북본부,043-721-6000,2020-06-30,B500004,한국도로공사
문경,경상북도,문경시,고속국도,중부내륙선,45,양평기점 + 창원종점,,경상북도 문경시 문경읍 각서리 18-3,36.74680658,128.0611682,,14,Y,,,한국도로공사 충북본부,043-721-6000,2020-06-30,B500004,한국도로공사
광혜원,경기도,평택시,고속국도,평택제천선,40,제천기점 + 평택종점,,충청북도 진천군 광혜원면 죽현리 61-4,36.95214296,127.4258917,,21,Y,,,한국도로공사 충북본부,043-721-6000,2020-06-30,B500004,한국도로공사
금성,충청북도,제천시,고속국도,평택제천선,40,평택기점 + 제천종점,,충청북도 제천시 금성면 사곡리 376-1,37.07759813,128.1504715,,12,Y,,,한국도로공사 충북본부,043-721-6000,2020-06-30,B500004,한국도로공사
금성,충청북도,제천시,고속국도,평택제천선,40,제천기점 + 평택종점,,충청북도 제천시 금성면 사곡리 373-1,37.07816586,128.1506726,,12,Y,,,한국도로공사 충북본부,043-721-6000,2020-06-30,B500004,한국도로공사
중앙탑,충청북도,충주시,고속국도,평택제천선,40,평택기점 + 제천종점,,충청북도 충주시 중앙탑면 하구암리 389,37.04071646,127.8303872,,14,Y,,,한국도로공사 충북본부,043-721-6000,2020-06-30,B500004,한국도로공사
중앙탑,충청북도,충주시,고속국도,평택제천선,40,제천기점 + 평택종점,,충청북도 충주시 중앙탑면 하구암리 352-3,37.04140089,127.8319658,,14,Y,,,한국도로공사 충북본부,043-721-6000,2020-06-30,B500004,한국도로공사
상주,경상북도,상주시,고속국도,청주영덕선,30,청주기점 + 영덕종점,,경상북도 상주시 내서면 신촌리 산64-15,36.40748615,128.0699397,,7,N,,,한국도로공사 충북본부,043-721-6000,2020-06-30,B500004,한국도로공사
상주,경상북도,상주시,고속국도,청주영덕선,30,영덕기점 + 청주종점,,경상북도 상주시 내서면 고곡리 산254-1,36.42573099,128.0447809,,7,Y,,,한국도로공사 충북본부,043-721-6000,2020-06-30,B500004,한국도로공사
탄부,충청북도,보은군,고속국도,청주영덕선,30,청주기점 + 영덕종점,,충청북도 보은군 탄부면 매화리 산1-2,36.45453975,127.7700237,,7,Y,,,한국도로공사 충북본부,043-721-6000,2020-06-30,B500004,한국도로공사
탄부,충청북도,보은군,고속국도,청주영덕선,30,영덕기점 + 청주종점,,충청북도 보은군 탄부면 매화리 산1-2,36.45487429,127.7708088,,7,N,,,한국도로공사 충북본부,043-721-6000,2020-06-30,B500004,한국도로공사
회인,충청북도,보은군,고속국도,청주영덕선,30,영덕기점 + 청주종점,,충청북도 보은군 회인면 용촌리 산28-6,36.50185736,127.5918712,,7,N,,,한국도로공사 충북본부,043-721-6000,2020-06-30,B500004,한국도로공사
대소원,충청북도,충주시,고속국도,중부내륙선,45,창원기점 + 양평종점,,충청북도 충주시 대소원면 완오리 산38-1,36.97405777,127.8477614,,8,Y,,,한국도로공사 충북본부,043-721-6000,2020-06-30,B500004,한국도로공사
노은,충청북도,충주시,고속국도,중부내륙선,45,양평기점 + 창원종점,,충청북도 충주시 노은면 신효리 679,37.03976079,127.7696765,,8,Y,,,한국도로공사 충북본부,043-721-6000,2020-06-30,B500004,한국도로공사
앙성,충청북도,충주시,고속국도,중부내륙선,45,창원기점 + 양평종점,,충청북도 충주시 앙성면 지당리 731-17,37.09905733,127.716149,,13,Y,,,한국도로공사 충북본부,043-721-6000,2020-06-30,B500004,한국도로공사
가남,경기도,여주시,고속국도,중부내륙선,45,양평기점 + 창원종점,,경기도 여주시 가남읍 삼승리 143-1,37.16913597,127.6263173,,16,Y,,,한국도로공사 충북본부,043-721-6000,2020-06-30,B500004,한국도로공사
봉양,충청북도,제천시,고속국도,중앙선,55,부산기점 + 춘천종점,,충청북도 제천시 봉양읍 명암리 642-2,37.1785028839,128.1289443960,,7,Y,,,한국도로공사 충북본부,043-721-6000,2020-06-30,B500004,한국도로공사
오창,충청북도,청주시,고속국도,중부선,35,통영기점 + 하남종점,,충청북도 청주시 청원구 오창읍 괴정리 46-1,36.73478604,127.4567304,,14,Y,,,한국도로공사 충북본부,043-721-6000,2020-06-30,B500004,한국도로공사
오창,충청북도,청주시,고속국도,중부선,35,하남기점 + 통영종점,,충청북도 청주시 청원구 오창읍 주성리 15-6,36.73503935,127.4563375,,14,Y,,,한국도로공사 충북본부,043-721-6000,2020-06-30,B500004,한국도로공사
농다리,충청북도,진천군,고속국도,중부선,35,하남기점 + 통영종점,,충청북도 진천군 문백면 구곡리 87,36.8346557956,127.4940113,,36,Y,,,한국도로공사 충북본부,043-721-6000,2020-06-30,B500004,한국도로공사
진천,충청북도,진천군,고속국도,중부선,35,통영기점 + 하남종점,,충청북도 진천군 초평면 중석리 1215,36.85375263,127.4870417,,19,Y,,,한국도로공사 충북본부,043-721-6000,2020-06-30,B500004,한국도로공사
대소,충청북도,음성군,고속국도,중부선,35,통영기점 + 하남종점,,충청북도 음성군 대소면 오류리 208-7,36.9770738778,127.4692792638,,18,Y,,,한국도로공사 충북본부,043-721-6000,2020-06-30,B500004,한국도로공사
일죽,경기도,안성시,고속국도,중부선,35,통영기점 + 하남종점,,경기도 안성시 일죽면 월정리 755,37.08416491,127.4563706720,,22,Y,,,한국도로공사 충북본부,043-721-6000,2020-06-30,B500004,한국도로공사
일죽,경기도,안성시,고속국도,중부선,35,하남기점 + 통영종점,,경기도 안성시 일죽면 월정리 755,37.0841965225,127.4563706720,,30,Y,,,한국도로공사 충북본부,043-721-6000,2020-06-30,B500004,한국도로공사
모가,경기도,이천시,고속국도,중부선,35,통영기점 + 하남종점,,경기도 이천시 모가면 신갈리 25-11,37.19702753,127.4434916,,28,Y,,,한국도로공사 충북본부,043-721-6000,2020-06-30,B500004,한국도로공사
모가,경기도,이천시,고속국도,중부선,35,하남기점 + 통영종점,,경기도 이천시 모가면 신갈리 587-1,37.19707069,127.4430711,,9,Y,,,한국도로공사 충북본부,043-721-6000,2020-06-30,B500004,한국도로공사
여주,경기도,여주시,고속국도,중부내륙선,45,양평기점 + 창원종점,,경기도 여주시 흥천면 귀백리 308-4,37.34126386,127.5468546,,7,Y,,,한국도로공사 강원본부,033-811-6000,2020-06-30,B500004,한국도로공사
여주,경기도,여주시,고속국도,중부내륙선,45,창원기점 + 양평종점,,경기도 여주시 흥천면 귀백리 261-7,37.34096785,127.5475279,,7,Y,,,한국도로공사 강원본부,033-811-6000,2020-06-30,B500004,한국도로공사
이천,경기도,이천시,고속국도,영동선,50,인천기점 + 강릉종점,,경기도 이천시 고담동 산77-8,37.24178094,127.4655556,,17,Y,,,한국도로공사 강원본부,033-811-6000,2020-06-30,B500004,한국도로공사
이천,경기도,이천시,고속국도,영동선,50,강릉기점 + 인천종점,,경기도 이천시 고담동 산78-4,37.242818,127.4671223,,23,Y,,,한국도로공사 강원본부,033-811-6000,2020-06-30,B500004,한국도로공사
양양,강원도,양양군,고속국도,서울양양선,60,양양기점 + 서울종점,,강원도 양양군 서면 영덕리 산81-63,37.99888322,128.535677,,14,Y,,,한국도로공사 강원본부,033-811-6000,2020-06-30,B500004,한국도로공사
양양,강원도,양양군,고속국도,서울양양선,60,서울기점 + 양양종점,,강원도 양양군 서면 서림리 산1-51,37.99765631,128.5353021,,14,Y,,,한국도로공사 강원본부,033-811-6000,2020-06-30,B500004,한국도로공사
인제,강원도,인제군,고속국도,서울양양선,60,양양기점 + 서울종점,,강원도 인제군 상남면 상남리 1556-17,37.84005963,128.2324303,,16,Y,,,한국도로공사 강원본부,033-811-6000,2020-06-30,B500004,한국도로공사
인제,강원도,인제군,고속국도,서울양양선,60,서울기점 + 양양종점,,강원도 인제군 상남면 상남리 1535-7,37.84317461,128.2355949,,11,Y,,,한국도로공사 강원본부,033-811-6000,2020-06-30,B500004,한국도로공사
강현,강원도,양양군,고속국도,동해선,65,삼척기점 + 속초종점,,강원도 양양군 강현면 침교리 산99-2,38.11910802,128.5800265,,11,Y,,,한국도로공사 강원본부,033-811-6000,2020-06-30,B500004,한국도로공사
강현,강원도,양양군,고속국도,동해선,65,속초기점 + 삼척종점,,강원도 양양군 강현면 사교리 산92-1,38.11904424,128.5795379,,11,Y,,,한국도로공사 강원본부,033-811-6000,2020-06-30,B500004,한국도로공사
단봉,강원도,동해시,고속국도,동해선,65,속초기점 + 삼척종점,,강원도 동해시 단봉동 755-8,37.45951629,129.1072327,,12,Y,,,한국도로공사 강원본부,033-811-6000,2020-06-30,B500004,한국도로공사
서종,경기도,양평군,고속국도,서울양양선,60,양양기점 + 서울종점,,경기도 양평군 서종면 노문리 457-3,37.64958169,127.4293625,,8,Y,,,한국도로공사 강원본부,033-811-6000,2020-06-30,B500004,한국도로공사
북방,강원도,홍천군,고속국도,서울양양선,60,양양기점 + 서울종점,,강원도 홍천군 북방면 성동리 산93-2,37.75816867,127.8798796,,5,Y,,,한국도로공사 강원본부,033-811-6000,2020-06-30,B500004,한국도로공사
횡성,강원도,횡성군,고속국도,중앙선,55,춘천기점 + 부산종점,,강원도 횡성군 공근면 공근리 11-2,37.58174156,127.9743522,,10,Y,,,한국도로공사 강원본부,033-811-6000,2020-06-30,B500004,한국도로공사
횡성,강원도,횡성군,고속국도,중앙선,55,부산기점 + 춘천종점,,강원도 횡성군 공근면 공근리 15-1,37.57393337,127.9736355,,10,Y,,,한국도로공사 강원본부,033-811-6000,2020-06-30,B500004,한국도로공사
만종,강원도,원주시,고속국도,중앙선,55,부산기점 + 춘천종점,,강원도 원주시 호저면 만종리 392-1,37.35011873,127.9099120845,,19,Y,,,한국도로공사 강원본부,033-811-6000,2020-06-30,B500004,한국도로공사
만종,강원도,원주시,고속국도,중앙선,55,춘천기점 + 부산종점,,강원도 원주시 호저면 만종리 산29-1,37.34974752,127.9087201,,30,Y,,,한국도로공사 강원본부,033-811-6000,2020-06-30,B500004,한국도로공사
홍천강,강원도,홍천군,고속국도,중앙선,55,춘천기점 + 부산종점,,강원도 홍천군 북방면 소매곡리 295-1,37.71181941,127.8274567,,16,Y,,,한국도로공사 강원본부,033-811-6000,2020-06-30,B500004,한국도로공사
대관령전망대,강원도,강릉시,고속국도,영동선,50,인천기점 + 강릉종점,,강원도 강릉시 성산면 어흘리 803,37.72401119,128.7789922,,19,Y,,,한국도로공사 강원본부,033-811-6000,2020-06-30,B500004,한국도로공사
대관령,강원도,평창군,고속국도,영동선,50,강릉기점 + 인천종점,,강원도 평창군 대관령면 횡계리 196-4,37.67469063,128.7212405,,19,Y,,,한국도로공사 강원본부,033-811-6000,2020-06-30,B500004,한국도로공사
월정,강원도,평창군,고속국도,영동선,50,인천기점 + 강릉종점,,강원도 평창군 대관령면 유천리 838-1,37.66389423,128.5930434,,16,Y,,,한국도로공사 강원본부,033-811-6000,2020-06-30,B500004,한국도로공사
월정,강원도,평창군,고속국도,영동선,50,강릉기점 + 인천종점,,강원도 평창군 진부면 간평리 562-2,37.66468244,128.593235,,11,Y,,,한국도로공사 강원본부,033-811-6000,2020-06-30,B500004,한국도로공사
삽교,강원도,횡성군,고속국도,영동선,50,인천기점 + 강릉종점,,강원도 횡성군 둔내면 삽교리 1117-6,37.52230994,128.2749162,,5,Y,,,한국도로공사 강원본부,033-811-6000,2020-06-30,B500004,한국도로공사
삽교,강원도,횡성군,고속국도,영동선,50,강릉기점 + 인천종점,,강원도 횡성군 둔내면 삽교리 산120-11,37.522793282,128.274970735,,23,Y,,,한국도로공사 강원본부,033-811-6000,2020-06-30,B500004,한국도로공사
소초,강원도,원주시,고속국도,영동선,50,인천기점 + 강릉종점,,강원도 원주시 소초면 평장리 산125-4,37.42011836,128.0021464,,21,Y,,,한국도로공사 강원본부,033-811-6000,2020-06-30,B500004,한국도로공사
소초,강원도,원주시,고속국도,영동선,50,강릉기점 + 인천종점,,강원도 원주시 소초면 평장리 산125-4,37.42031692,128.0017217,,14,Y,,,한국도로공사 강원본부,033-811-6000,2020-06-30,B500004,한국도로공사
적금,경기도,여주시,고속국도,영동선,50,인천기점 + 강릉종점,,경기도 여주시 강천면 적금리 588-2,37.2526044,127.7036683,,13,Y,,,한국도로공사 강원본부,033-811-6000,2020-06-30,B500004,한국도로공사
적금,경기도,여주시,고속국도,영동선,50,강릉기점 + 인천종점,,경기도 여주시 강천면 적금리 269,37.25297603,127.7038704,,13,Y,,,한국도로공사 강원본부,033-811-6000,2020-06-30,B500004,한국도로공사
생태습지,경기도,여주시,고속국도,영동선,50,인천기점 + 강릉종점,,경기도 여주시 가남읍 안금리 92,37.23415407,127.602415,,14,Y,,,한국도로공사 강원본부,033-811-6000,2020-06-30,B500004,한국도로공사
수동쉼터,10,정선군,06,군도,0,운치-가수,,강원도 정선군 신동읍 운치리 113-1,37.294234,128.615603,70,7,Y,0,평의자,신동읍,033-560-2733,2019-06-30,4290000,강원도 정선군
버들고개 쉼터,10,정선군,02,국도,42,임계-고단,,강원도 정선군 임계면 송계리 산 116-4,37.508185,128.851801,140,6,Y,0,평의자,임계면,033-560-2784,2019-06-30,4290000,강원도 정선군
신동쉼터,10,정선군,02,국도,38,연하-신동,강원도 정선군 신동읍 의림로 171-19,강원도 정선군 신동읍 예미리 892-76,37.208851,128.637679,118,19,Y,0,평의자,신동읍,033-560-2733,2019-06-30,4290000,강원도 정선군
쇄재쉼터,10,정선군,02,국도,59,남면-정선,,강원도 정선군 남면 낙동리 233-6,37.327021,128.715776,92,4,Y,0,평의자,남면,033-560-2833,2019-06-30,4290000,강원도 정선군
작은너근령소공원,10,정선군,02,국도,42,여량-임계,,강원도 정선군 임계면 송계리 산177-5,37.358613,128.784422,57,4,Y,0,평의자,임계면,033-560-2784,2019-06-30,4290000,강원도 정선군
김포,경기도,김포시,고속국도,서울외곽선,100,판교기점 + 일산종점,,경기도 김포시 고촌읍 신곡리 757-1,37.5922573945,126.7683878205,,82,Y,,,한국도로공사 수도권본부,02-2219-6000,2020-06-30,B500004,한국도로공사
김포,경기도,김포시,고속국도,서울외곽선,100,일산기점 + 판교종점,,경기도 김포시 고촌읍 신곡리 800-1,37.59223432,126.7661402,,29,Y,,,한국도로공사 수도권본부,02-2219-6000,2020-06-30,B500004,한국도로공사
시흥,경기도,시흥시,고속국도,서울외곽선,100,판교기점 + 일산종점,,경기도 시흥시 계수동 90-6,37.45066632,126.8048718,,26,Y,,,한국도로공사 수도권본부,02-2219-6000,2020-06-30,B500004,한국도로공사
시흥,경기도,시흥시,고속국도,서울외곽선,100,일산기점 + 판교종점,,경기도 시흥시 계수동 460,37.44971576,126.8041487,,14,Y,,,한국도로공사 수도권본부,02-2219-6000,2020-06-30,B500004,한국도로공사
서서울,경기도,안산시,고속국도,서해안선,15,목포기점 + 서울종점,,경기도 안산시 상록구 장하동 산8-1,37.35707318,126.8648736,,94,Y,,,한국도로공사 수도권본부,02-2219-6000,2020-06-30,B500004,한국도로공사
서서울,경기도,안산시,고속국도,서해안선,15,서울기점 + 목포종점,,경기도 안산시 상록구 장하동 151,37.3549338994,126.8619896410,,16,Y,,,한국도로공사 수도권본부,02-2219-6000,2020-06-30,B500004,한국도로공사
군자,경기도,시흥시,고속국도,영동선,50,강릉기점 + 인천종점,경기도 시흥시 군자로335번길 36-29,,37.3587541744,126.7807833047,,54,Y,,,한국도로공사 수도권본부,02-2219-6000,2020-06-30,B500004,한국도로공사
이목,경기도,수원시,고속국도,영동선,50,인천기점 + 강릉종점,,경기도 수원시 장안구 이목동 산108,37.31967543,126.9860418,,42,Y,,,한국도로공사 수도권본부,02-2219-6000,2020-06-30,B500004,한국도로공사
용인,경기도,용인시,고속국도,영동선,50,인천기점 + 강릉종점,,경기도 용인시 기흥구 청덕동 390-7,37.28841323,127.1391303,,8,N,,,한국도로공사 수도권본부,02-2219-6000,2020-06-30,B500004,한국도로공사
향남,경기도,화성시,고속국도,서해안선,15,서울기점 + 목포종점,,경기도 화성시 향남읍 구문천리 144-11,37.07015086,126.888366,,8,Y,,,한국도로공사 수도권본부,02-2219-6000,2020-06-30,B500004,한국도로공사
송탄,경기도,평택시,고속국도,평택제천선,40,제천기점 + 평택종점,,경기도 평택시 모곡동 223-3,37.03166299,127.081089,,23,Y,,,한국도로공사 수도권본부,02-2219-6000,2020-06-30,B500004,한국도로공사
송탄,경기도,평택시,고속국도,평택제천선,40,평택기점 + 제천종점,,경기도 평택시 모곡동 222,37.03189468,127.0808497,,23,Y,,,한국도로공사 수도권본부,02-2219-6000,2020-06-30,B500004,한국도로공사
오산,경기도,오산시,고속국도,경부선,1,서울기점 + 부산종점,,경기도 오산시 부산동 437-4,37.15663657,127.0867455,,11,Y,,,한국도로공사 수도권본부,02-2219-6000,2020-06-30,B500004,한국도로공사
오산,경기도,오산시,고속국도,경부선,1,부산기점 + 서울종점,,경기도 오산시 부산동 418-1,37.1554034,127.0868107,,24,Y,,,한국도로공사 수도권본부,02-2219-6000,2020-06-30,B500004,한국도로공사
남사,경기도,용인시,고속국도,경부선,1,서울기점 + 부산종점,,경기도 용인시 처인구 남사면 진목리 415-6,37.09618326,127.1205006,,11,Y,,,한국도로공사 수도권본부,02-2219-6000,2020-06-30,B500004,한국도로공사
원곡,경기도,평택시,고속국도,경부선,1,부산기점 + 서울종점,,경기도 평택시 용이동 419-15,37.00113622,127.151958,,14,Y,,,한국도로공사 수도권본부,02-2219-6000,2020-06-30,B500004,한국도로공사
번천,경기도,광주시,고속국도,중부선,35,하남기점 + 통영종점,,경기도 광주시 남한산성면 광지원리 306-1,37.4527891,127.2559971,,19,Y,,,한국도로공사 수도권본부,02-2219-6000,2020-06-30,B500004,한국도로공사
번천,경기도,광주시,고속국도,중부선,35,통영기점 + 하남종점,,경기도 광주시 남한산성면 광지원리 306-1,37.453157,127.256301,,16,Y,,,한국도로공사 수도권본부,02-2219-6000,2020-06-30,B500004,한국도로공사
도척,경기도,광주시,고속국도,중부선,35,하남기점 + 통영종점,,경기도 광주시 도척면 진우리 482-1,37.32298539,127.3384423,,10,N,,,한국도로공사 수도권본부,02-2219-6000,2020-06-30,B500004,한국도로공사
도척,경기도,광주시,고속국도,중부선,35,통영기점 + 하남종점,,경기도 광주시 도척면 진우리 482-1,37.32318149,127.3388331,,12,N,,,한국도로공사 수도권본부,02-2219-6000,2020-06-30,B500004,한국도로공사
상번천,경기도,광주시,고속국도,제2중부선,37,하남기점 + 통영종점,,경기도 광주시 남한산성면 상번천리 315-2,37.44821067,127.2737601,,35,Y,,,한국도로공사 수도권본부,02-2219-6000,2020-06-30,B500004,한국도로공사
상번천,경기도,광주시,고속국도,제2중부선,37,통영기점 + 하남종점,,경기도 광주시 남한산성면 상번천리 245,37.44799577,127.2751754,,8,Y,,,한국도로공사 수도권본부,02-2219-6000,2020-06-30,B500004,한국도로공사
청계,경기도,의왕시,고속국도,서울외곽선,100,판교기점 + 일산종점,경기도 의왕시 안양판교로 476,,37.3932698389,127.0223102693,,19,Y,,,한국도로공사 수도권본부,02-2219-6000,2020-06-30,B500004,한국도로공사
성남,경기도,성남시,고속국도,서울외곽선,100,퇴계원기점 + 구리종점,,경기도 성남시 수정구 수진동 39,37.4411906353,127.1347198282,,83,Y,,,한국도로공사 수도권본부,02-2219-6000,2020-06-30,B500004,한국도로공사
구리남양주,경기도,구리시,고속국도,서울외곽선,100,판교기점 + 일산종점,,경기도 구리시 토평동 86,37.58978453,127.1559020050,,89,Y,,,한국도로공사 수도권본부,02-2219-6000,2020-06-30,B500004,한국도로공사
